date,revenue,quantity,category
2025-04-30,129.15,1,No 1 Grafton Inn
2025-05-02,338.0,2,No 1 Grafton Inn
2025-05-02,362.88,2,No 1 Grafton Inn
2025-05-02,619.2,4,No 1 Grafton Inn
2025-05-02,408.24,3,No 1 Grafton Inn
2025-05-03,165.0,1,No 1 Grafton Inn
2025-05-04,336.96,2,No 1 Grafton Inn
2025-05-04,135.0,1,No 1 Grafton Inn
2025-05-04,128.25,1,No 1 Grafton Inn
2025-05-05,246.24,2,No 1 Grafton Inn
2025-05-06,135.0,1,No 1 Grafton Inn
2025-05-06,272.16,2,No 1 Grafton Inn
2025-05-07,466.56,3,No 1 Grafton Inn
2025-05-07,128.25,1,No 1 Grafton Inn
2025-05-08,324.0,2,No 1 Grafton Inn
2025-05-08,324.0,2,No 1 Grafton Inn
2025-05-09,285.12,2,No 1 Grafton Inn
2025-05-10,492.48,3,No 1 Grafton Inn
2025-05-10,128.25,1,No 1 Grafton Inn
2025-05-10,148.5,1,No 1 Grafton Inn
2025-05-12,408.24,3,No 1 Grafton Inn
2025-05-13,259.2,2,No 1 Grafton Inn
2025-05-13,316.8,2,No 1 Grafton Inn
2025-05-14,331.2,2,No 1 Grafton Inn
2025-05-15,550.8,3,No 1 Grafton Inn
2025-05-16,792.0,4,No 1 Grafton Inn
2025-05-16,486.0,3,No 1 Grafton Inn
2025-05-17,375.84,2,No 1 Grafton Inn
2025-05-17,148.5,1,No 1 Grafton Inn
2025-05-18,158.63,1,No 1 Grafton Inn
2025-05-18,336.96,2,No 1 Grafton Inn
2025-05-19,272.16,2,No 1 Grafton Inn
2025-05-19,427.68,3,No 1 Grafton Inn
2025-05-19,128.25,1,No 1 Grafton Inn
2025-05-20,135.0,1,No 1 Grafton Inn
2025-05-20,210.0,1,No 1 Grafton Inn
2025-05-20,336.96,2,No 1 Grafton Inn
2025-05-20,202.5,1,No 1 Grafton Inn
2025-05-21,285.12,2,No 1 Grafton Inn
2025-05-21,720.0,4,No 1 Grafton Inn
2025-05-21,331.2,2,No 1 Grafton Inn
2025-05-21,288.0,2,No 1 Grafton Inn
2025-05-22,806.4,4,No 1 Grafton Inn
2025-05-23,135.0,1,No 1 Grafton Inn
2025-05-23,135.0,1,No 1 Grafton Inn
2025-05-23,135.0,1,No 1 Grafton Inn
2025-05-23,155.25,1,No 1 Grafton Inn
2025-05-24,375.84,2,No 1 Grafton Inn
2025-05-24,182.25,1,No 1 Grafton Inn
2025-05-24,868.32,4,No 1 Grafton Inn
2025-05-25,168.75,1,No 1 Grafton Inn
2025-05-25,544.32,3,No 1 Grafton Inn
2025-05-26,570.24,4,No 1 Grafton Inn
2025-05-26,162.0,1,No 1 Grafton Inn
2025-05-26,172.5,1,No 1 Grafton Inn
2025-05-26,155.25,1,No 1 Grafton Inn
2025-05-27,168.75,1,No 1 Grafton Inn
2025-05-27,725.76,4,No 1 Grafton Inn
2025-05-27,288.0,2,No 1 Grafton Inn
2025-05-28,403.2,2,No 1 Grafton Inn
2025-05-28,135.0,1,No 1 Grafton Inn
2025-05-29,150.0,1,No 1 Grafton Inn
2025-04-01,364.0,2,No 1 Grafton Inn
2025-04-04,630.0,4,No 1 Grafton Inn
2025-04-06,280.8,2,No 1 Grafton Inn
2025-04-11,239.86,2,No 1 Grafton Inn
2025-04-12,154.0,1,No 1 Grafton Inn
2025-04-16,327.6,2,No 1 Grafton Inn
2025-04-18,273.0,2,No 1 Grafton Inn
2025-04-19,327.6,2,No 1 Grafton Inn
2025-04-19,138.6,1,No 1 Grafton Inn
2025-04-19,168.0,1,No 1 Grafton Inn
2025-04-21,399.75,3,No 1 Grafton Inn
2025-04-23,305.5,2,No 1 Grafton Inn
2025-04-25,409.5,3,No 1 Grafton Inn
2025-04-25,334.62,2,No 1 Grafton Inn
2025-04-25,176.4,1,No 1 Grafton Inn
2025-04-25,386.1,3,No 1 Grafton Inn
2025-04-26,151.2,1,No 1 Grafton Inn
2025-04-26,176.4,1,No 1 Grafton Inn
2025-04-27,456.3,3,No 1 Grafton Inn
2025-04-28,364.0,2,No 1 Grafton Inn
2025-05-30,375.84,2,No 1 Grafton Inn
2025-05-30,427.68,2,No 1 Grafton Inn
2025-05-30,356.4,2,No 1 Grafton Inn
2025-05-30,375.84,2,No 1 Grafton Inn
2025-05-31,162.0,1,No 1 Grafton Inn
2025-05-31,175.5,1,No 1 Grafton Inn
2025-06-01,133.88,1,No 1 Grafton Inn
2025-06-01,153.0,1,No 1 Grafton Inn
2025-06-01,352.0,2,No 1 Grafton Inn
2025-06-01,201.96,1,No 1 Grafton Inn
2025-06-02,820.8,3,No 1 Grafton Inn
2025-06-02,153.0,1,No 1 Grafton Inn
2025-06-02,133.88,1,No 1 Grafton Inn
2025-06-02,316.8,2,No 1 Grafton Inn
2025-06-03,367.2,2,No 1 Grafton Inn
2025-06-03,148.75,1,No 1 Grafton Inn
2025-06-03,145.35,1,No 1 Grafton Inn
2025-06-04,672.0,3,No 1 Grafton Inn
2025-06-04,153.0,1,No 1 Grafton Inn
2025-06-04,168.3,1,No 1 Grafton Inn
2025-06-05,183.6,1,No 1 Grafton Inn
2025-06-05,133.88,1,No 1 Grafton Inn
2025-06-06,170.0,1,No 1 Grafton Inn
2025-06-07,856.8,4,No 1 Grafton Inn
2025-06-07,237.15,1,No 1 Grafton Inn
2025-06-07,723.6,3,No 1 Grafton Inn
2025-06-08,238.0,1,No 1 Grafton Inn
2025-06-09,907.2,4,No 1 Grafton Inn
2025-06-09,195.5,1,No 1 Grafton Inn
2025-06-09,360.0,2,No 1 Grafton Inn
2025-06-10,290.7,1,No 1 Grafton Inn
2025-06-10,164.48,1,No 1 Grafton Inn
2025-06-10,352.8,2,No 1 Grafton Inn
2025-06-11,238.0,1,No 1 Grafton Inn
2025-06-11,263.5,1,No 1 Grafton Inn
2025-06-11,229.5,1,No 1 Grafton Inn
2025-06-12,290.7,1,No 1 Grafton Inn
2025-06-12,504.0,2,No 1 Grafton Inn
2025-06-12,672.0,3,No 1 Grafton Inn
2025-06-13,482.4,2,No 1 Grafton Inn
2025-06-13,198.9,1,No 1 Grafton Inn
2025-06-13,175.95,1,No 1 Grafton Inn
2025-06-13,1062.0,4,No 1 Grafton Inn
2025-06-14,240.98,1,No 1 Grafton Inn
2025-06-14,560.0,2,No 1 Grafton Inn
2025-06-14,272.0,1,No 1 Grafton Inn
2025-06-15,153.0,1,No 1 Grafton Inn
2025-06-15,187.0,1,No 1 Grafton Inn
2025-06-15,175.95,1,No 1 Grafton Inn
2025-06-16,1071.0,4,No 1 Grafton Inn
2025-06-16,646.0,2,No 1 Grafton Inn
2025-06-16,768.84,3,No 1 Grafton Inn
2025-06-16,226.8,1,No 1 Grafton Inn
2025-06-17,226.8,1,No 1 Grafton Inn
2025-06-18,428.4,2,No 1 Grafton Inn
2025-06-19,569.5,2,No 1 Grafton Inn
2025-06-19,1050.0,3,No 1 Grafton Inn
2025-06-20,428.4,2,No 1 Grafton Inn
2025-06-20,803.25,3,No 1 Grafton Inn
2025-06-20,186.3,1,No 1 Grafton Inn
2025-06-21,646.0,2,No 1 Grafton Inn
2025-06-21,315.0,1,No 1 Grafton Inn
2025-06-22,1190.0,4,No 1 Grafton Inn
2025-06-22,226.8,1,No 1 Grafton Inn
2025-06-23,780.3,3,No 1 Grafton Inn
2025-06-23,226.8,1,No 1 Grafton Inn
2025-06-24,654.5,2,No 1 Grafton Inn
2025-06-24,222.75,1,No 1 Grafton Inn
2025-06-25,569.5,2,No 1 Grafton Inn
2025-06-25,420.76,2,No 1 Grafton Inn
2025-06-26,210.6,1,No 1 Grafton Inn
2025-06-26,178.2,1,No 1 Grafton Inn
2025-06-27,535.5,2,No 1 Grafton Inn
2025-06-27,476.0,2,No 1 Grafton Inn
2025-06-27,307.8,1,No 1 Grafton Inn
2025-06-27,382.5,1,No 1 Grafton Inn
2025-06-27,301.5,1,No 1 Grafton Inn
2025-06-28,481.96,2,No 1 Grafton Inn
2025-06-28,1214.1,4,No 1 Grafton Inn
2025-06-29,595.0,2,No 1 Grafton Inn
2025-06-29,428.4,2,No 1 Grafton Inn
2025-06-30,202.5,1,No 1 Grafton Inn
2025-06-30,214.65,1,No 1 Grafton Inn
2025-06-30,231.66,1,No 1 Grafton Inn
2025-07-01,280.0,1,No 1 Grafton Inn
2025-07-01,598.5,2,No 1 Grafton Inn
2025-07-01,301.5,1,No 1 Grafton Inn
2025-07-02,1108.8,4,No 1 Grafton Inn
2025-07-02,748.44,3,No 1 Grafton Inn
2025-07-02,162.0,1,No 1 Grafton Inn
2025-07-03,1338.75,5,No 1 Grafton Inn
2025-07-03,288.0,1,No 1 Grafton Inn
2025-07-03,198.0,1,No 1 Grafton Inn
2025-07-03,252.0,1,No 1 Grafton Inn
2025-07-04,478.8,2,No 1 Grafton Inn
2025-07-04,722.0,2,No 1 Grafton Inn
2025-07-05,230.0,1,No 1 Grafton Inn
2025-07-05,270.0,1,No 1 Grafton Inn
2025-07-06,572.86,2,No 1 Grafton Inn
2025-07-06,478.8,2,No 1 Grafton Inn
2025-07-06,598.5,2,No 1 Grafton Inn
2025-07-06,238.5,1,No 1 Grafton Inn
2025-07-07,380.0,1,No 1 Grafton Inn
2025-07-08,1108.8,4,No 1 Grafton Inn
2025-07-08,739.2,3,No 1 Grafton Inn
2025-07-08,831.6,3,No 1 Grafton Inn
2025-07-08,902.88,3,No 1 Grafton Inn
2025-07-08,207.0,1,No 1 Grafton Inn
2025-07-09,884.4,3,No 1 Grafton Inn
2025-07-09,224.1,1,No 1 Grafton Inn
2025-07-10,315.0,1,No 1 Grafton Inn
2025-07-11,252.0,1,No 1 Grafton Inn
2025-07-11,997.92,3,No 1 Grafton Inn
2025-07-12,831.6,3,No 1 Grafton Inn
2025-07-12,650.0,2,No 1 Grafton Inn
2025-07-12,665.28,3,No 1 Grafton Inn
2025-07-13,1061.28,4,No 1 Grafton Inn
2025-07-13,997.92,4,No 1 Grafton Inn
2025-07-15,722.0,2,No 1 Grafton Inn
2025-07-16,665.0,2,No 1 Grafton Inn
2025-07-17,283.5,1,No 1 Grafton Inn
2025-07-17,306.0,1,No 1 Grafton Inn
2025-07-17,795.96,3,No 1 Grafton Inn
2025-07-17,252.0,1,No 1 Grafton Inn
2025-07-18,985.6,4,No 1 Grafton Inn
2025-07-18,1108.8,4,No 1 Grafton Inn
2025-07-18,1188.46,4,No 1 Grafton Inn
2025-07-18,665.0,2,No 1 Grafton Inn
2025-07-20,2142.0,8,No 1 Grafton Inn
2025-07-20,270.0,1,No 1 Grafton Inn
2025-07-20,398.7,2,No 1 Grafton Inn
2025-07-21,1061.28,4,No 1 Grafton Inn
2025-07-21,1124.64,4,No 1 Grafton Inn
2025-07-21,2034.9,7,No 1 Grafton Inn
2025-07-21,193.5,1,No 1 Grafton Inn
2025-07-22,598.5,2,No 1 Grafton Inn
2025-07-22,238.5,1,No 1 Grafton Inn
2025-07-22,252.0,1,No 1 Grafton Inn
2025-07-23,532.0,2,No 1 Grafton Inn
2025-07-23,238.5,1,No 1 Grafton Inn
2025-07-24,224.1,1,No 1 Grafton Inn
2025-07-24,224.1,1,No 1 Grafton Inn
2025-07-25,924.0,3,No 1 Grafton Inn
2025-07-25,261.0,1,No 1 Grafton Inn
2025-07-26,335.0,1,No 1 Grafton Inn
2025-07-26,283.5,1,No 1 Grafton Inn
2025-07-27,748.44,3,No 1 Grafton Inn
2025-07-27,211.5,1,No 1 Grafton Inn
2025-07-27,739.2,3,No 1 Grafton Inn
2025-07-28,718.2,2,No 1 Grafton Inn
2025-07-28,598.5,2,No 1 Grafton Inn
2025-07-28,1061.28,4,No 1 Grafton Inn
2025-07-29,1016.4,3,No 1 Grafton Inn
2025-07-30,831.6,3,No 1 Grafton Inn
2025-07-30,649.8,2,No 1 Grafton Inn
2025-08-01,301.5,1,No 1 Grafton Inn
2025-08-01,1337.6,4,No 1 Grafton Inn
2025-08-01,1232.0,4,No 1 Grafton Inn
2025-08-01,831.6,3,No 1 Grafton Inn
2025-08-01,252.0,1,No 1 Grafton Inn
2025-08-02,2231.25,7,No 1 Grafton Inn
2025-08-02,315.0,1,No 1 Grafton Inn
2025-08-02,252.0,1,No 1 Grafton Inn
2025-08-03,700.0,2,No 1 Grafton Inn
2025-08-03,320.0,1,No 1 Grafton Inn
2025-08-04,665.28,3,No 1 Grafton Inn
2025-08-04,538.66,2,No 1 Grafton Inn
2025-08-05,554.4,2,No 1 Grafton Inn
2025-08-05,342.0,1,No 1 Grafton Inn
2025-08-05,598.5,2,No 1 Grafton Inn
2025-08-06,902.88,3,No 1 Grafton Inn
2025-08-06,997.92,4,No 1 Grafton Inn
2025-08-07,1232.0,4,No 1 Grafton Inn
2025-08-07,504.0,2,No 1 Grafton Inn
2025-08-07,315.0,1,No 1 Grafton Inn
2025-08-09,649.8,2,No 1 Grafton Inn
2025-08-09,1061.28,4,No 1 Grafton Inn
2025-08-09,731.5,2,No 1 Grafton Inn
2025-08-09,252.0,1,No 1 Grafton Inn
2025-08-10,252.0,1,No 1 Grafton Inn
2025-08-10,283.5,1,No 1 Grafton Inn
2025-08-11,342.0,1,No 1 Grafton Inn
2025-08-11,280.0,1,No 1 Grafton Inn
2025-08-11,315.0,1,No 1 Grafton Inn
2025-08-11,315.0,1,No 1 Grafton Inn
2025-08-11,831.6,3,No 1 Grafton Inn
2025-08-12,1337.6,4,No 1 Grafton Inn
2025-08-12,1263.5,4,No 1 Grafton Inn
2025-08-12,252.0,1,No 1 Grafton Inn
2025-08-13,301.5,1,No 1 Grafton Inn
2025-08-13,665.28,3,No 1 Grafton Inn
2025-08-14,1061.28,4,No 1 Grafton Inn
2025-08-14,598.5,2,No 1 Grafton Inn
2025-08-14,748.44,3,No 1 Grafton Inn
2025-08-14,315.0,1,No 1 Grafton Inn
2025-08-15,1232.0,4,No 1 Grafton Inn
2025-08-16,315.0,1,No 1 Grafton Inn
2025-08-16,420.0,1,No 1 Grafton Inn
2025-08-16,252.0,1,No 1 Grafton Inn
2025-08-17,665.0,2,No 1 Grafton Inn
2025-08-17,985.6,4,No 1 Grafton Inn
2025-08-17,342.0,1,No 1 Grafton Inn
2025-08-18,748.44,3,No 1 Grafton Inn
2025-08-18,238.5,1,No 1 Grafton Inn
2025-08-18,342.0,1,No 1 Grafton Inn
2025-08-19,238.5,1,No 1 Grafton Inn
2025-08-19,636.5,2,No 1 Grafton Inn
2025-08-19,238.5,1,No 1 Grafton Inn
2025-08-19,342.0,1,No 1 Grafton Inn
2025-08-20,924.0,3,No 1 Grafton Inn
2025-08-20,831.6,3,No 1 Grafton Inn
2025-08-21,538.66,2,No 1 Grafton Inn
2025-08-21,722.0,2,No 1 Grafton Inn
2025-08-21,884.4,3,No 1 Grafton Inn
2025-08-21,252.0,1,No 1 Grafton Inn
2025-08-22,665.28,3,No 1 Grafton Inn
2025-08-22,342.0,1,No 1 Grafton Inn
2025-08-23,1108.8,4,No 1 Grafton Inn
2025-08-23,1663.2,6,No 1 Grafton Inn
2025-08-23,342.0,1,No 1 Grafton Inn
2025-08-24,572.86,2,No 1 Grafton Inn
2025-08-24,528.39,2,No 1 Grafton Inn
2025-08-25,280.0,1,No 1 Grafton Inn
2025-08-26,238.5,1,No 1 Grafton Inn
2025-08-26,649.8,2,No 1 Grafton Inn
2025-08-26,252.0,1,No 1 Grafton Inn
2025-08-27,280.0,1,No 1 Grafton Inn
2025-08-27,538.66,2,No 1 Grafton Inn
2025-08-28,268.2,1,No 1 Grafton Inn
2025-08-28,1029.6,3,No 1 Grafton Inn
2025-08-28,260.0,1,No 1 Grafton Inn
2025-08-29,301.5,1,No 1 Grafton Inn
2025-08-29,649.8,2,No 1 Grafton Inn
2025-08-30,280.0,1,No 1 Grafton Inn
